0;33.346;0.19947;11.429;88.38;5.1836;-0.89766;-0.5843
0.001;33.346;0.19947;11.429;88.38;5.1836;-0.89766;-0.5843
0.002;33.346;0.19947;11.429;88.38;5.1836;-0.89766;-0.5843
0.003;33.346;0.19947;11.429;88.38;5.1836;-0.89766;-0.5843
0.004;33.346;0.19947;11.429;88.38;5.1836;-0.89766;-0.5843
0.005;33.346;0.19947;11.429;88.38;5.1836;-0.89766;-0.5843
0.006;33.346;0.19947;11.429;88.38;5.1836;-0.89766;-0.5843
0.007;33.346;0.19947;11.429;88.38;5.1836;-0.89766;-0.5843
0.008;33.346;0.19947;11.429;88.38;5.1836;-0.89766;-0.5843
0.009;33.346;0.19947;11.429;88.38;5.1836;-0.89766;-0.5843
0.01;33.346;0.19947;11.429;88.38;5.1836;-0.89766;-0.5843
0.011;33.346;0.19947;11.429;88.38;5.1836;-0.89766;-0.5843
0.012;33.346;0.19947;11.429;88.38;5.1836;-0.89766;-0.5843
0.013;33.346;0.19947;11.429;88.38;5.1836;-0.89766;-0.5843
0.014;33.346;0.19947;11.429;88.38;5.1836;-0.89766;-0.5843
0.015;33.346;0.19947;11.429;88.38;5.1836;-0.89766;-0.5843
0.016;33.346;0.19947;11.429;88.38;5.1836;-0.89766;-0.5843
0.017;33.346;0.19947;11.429;88.38;5.1836;-0.89766;-0.5843
0.018;33.346;0.19947;11.429;88.38;5.1836;-0.89766;-0.5843
0.019;33.346;0.19947;11.429;88.38;5.1836;-0.89766;-0.5843
0.02;33.346;0.19947;11.429;88.38;5.1836;-0.89766;-0.5843
0.021;33.346;0.19947;11.429;88.38;5.1836;-0.89766;-0.5843
0.022;33.346;0.19947;11.429;88.38;5.1836;-0.89766;-0.5843
0.023;33.346;0.19947;11.429;88.38;5.1836;-0.89766;-0.5843
0.024;33.346;0.19947;11.429;88.38;5.1836;-0.89766;-0.5843
0.025;33.346;0.19947;11.429;88.38;5.1836;-0.89766;-0.5843
0.026;33.346;0.19947;11.429;88.38;5.1836;-0.89766;-0.5843
0.027;33.346;0.19947;11.429;88.38;5.1836;-0.89766;-0.5843
0.028;33.346;0.19947;11.429;88.38;5.1836;-0.89766;-0.5843
0.029;33.346;0.19947;11.429;88.38;5.1836;-0.89766;-0.5843
0.03;33.346;0.19947;11.429;88.38;5.1836;-0.89766;-0.5843
0.031;33.346;0.19947;11.429;88.38;5.1836;-0.89766;-0.5843
0.032;33.346;0.19947;11.429;88.38;5.1836;-0.89766;-0.5843
0.033;33.346;0.19947;11.429;88.38;5.1836;-0.89766;-0.5843
0.034;33.346;0.19947;11.429;88.38;5.1836;-0.89766;-0.5843
0.035;33.346;0.19947;11.429;88.38;5.1836;-0.89766;-0.5843
0.036;33.346;0.19947;11.429;88.38;5.1836;-0.89766;-0.5843
0.037;33.346;0.19947;11.429;88.38;5.1836;-0.89766;-0.5843
0.038;33.346;0.19947;11.429;88.38;5.1836;-0.89766;-0.5843
0.039;33.346;0.19947;11.429;88.38;5.1836;-0.89766;-0.5843
0.04;33.346;0.19947;11.429;88.38;5.1836;-0.89766;-0.5843
0.041;33.346;0.19947;11.429;88.38;5.1836;-0.89766;-0.5843
0.042;33.346;0.19947;11.429;88.38;5.1836;-0.89766;-0.5843
0.043;33.346;0.19947;11.429;88.38;5.1836;-0.89766;-0.5843
0.044;33.346;0.19947;11.429;88.38;5.1836;-0.89766;-0.5843
0.045;33.346;0.19947;11.429;88.38;5.1836;-0.89766;-0.5843
0.046;33.346;0.19947;11.429;88.38;5.1836;-0.89766;-0.5843
0.047;33.346;0.19947;11.429;88.38;5.1836;-0.89766;-0.5843
0.048;33.346;0.19947;11.429;88.38;5.1836;-0.89766;-0.5843
0.049;33.346;0.19947;11.429;88.38;5.1836;-0.89766;-0.5843
0.05;33.346;0.19947;11.429;88.38;5.1836;-0.89766;-0.5843
0.051;33.346;0.19947;11.429;88.38;5.1836;-0.89766;-0.5843
0.052;33.346;0.19947;11.429;88.38;5.1836;-0.89766;-0.5843
0.053;33.346;0.19947;11.429;88.38;5.1836;-0.89766;-0.5843
0.054;33.346;0.19947;11.429;88.38;5.1836;-0.89766;-0.5843
0.055;33.346;0.19947;11.429;88.38;5.1836;-0.89766;-0.5843
0.056;33.346;0.19947;11.429;88.38;5.1836;-0.89766;-0.5843
0.057;33.346;0.19947;11.429;88.38;5.1836;-0.89766;-0.5843
0.058;33.346;0.19947;11.429;88.38;5.1836;-0.89766;-0.5843
0.059;33.346;0.19947;11.429;88.38;5.1836;-0.89766;-0.5843
0.06;33.346;0.19947;11.429;88.38;5.1836;-0.89766;-0.5843
0.061;33.346;0.19947;11.429;88.38;5.1836;-0.89766;-0.5843
0.062;33.346;0.19947;11.429;88.38;5.1836;-0.89766;-0.5843
0.063;33.346;0.19947;11.429;88.38;5.1836;-0.89766;-0.5843
0.064;33.346;0.19947;11.429;88.38;5.1836;-0.89766;-0.5843
0.065;33.346;0.19947;11.429;88.38;5.1836;-0.89766;-0.5843
0.066;33.346;0.19947;11.429;88.38;5.1836;-0.89766;-0.5843
0.067;33.346;0.19947;11.429;88.38;5.1836;-0.89766;-0.5843
0.068;33.346;0.19947;11.429;88.38;5.1836;-0.89766;-0.5843
0.069;33.346;0.19947;11.429;88.38;5.1836;-0.89766;-0.5843
0.07;33.346;0.19947;11.429;88.38;5.1836;-0.89766;-0.5843
0.071;33.346;0.19947;11.429;88.38;5.1836;-0.89766;-0.5843
0.072;33.346;0.19947;11.429;88.38;5.1836;-0.89766;-0.5843
0.073;33.346;0.19947;11.429;88.38;5.1836;-0.89766;-0.5843
0.074;33.346;0.19947;11.429;88.38;5.1836;-0.89766;-0.5843
0.075;33.346;0.19947;11.429;88.38;5.1836;-0.89766;-0.5843
0.076;33.346;0.19947;11.429;88.38;5.1836;-0.89766;-0.5843
0.077;33.346;0.19947;11.429;88.38;5.1836;-0.89766;-0.5843
0.078;33.346;0.19947;11.429;88.38;5.1836;-0.89766;-0.5843
0.079;33.346;0.19947;11.429;88.38;5.1836;-0.89766;-0.5843
0.08;33.346;0.19947;11.429;88.38;5.1836;-0.89766;-0.5843
0.081;33.346;0.19947;11.429;88.38;5.1836;-0.89766;-0.5843
0.082;33.346;0.19947;11.429;88.38;5.1836;-0.89766;-0.5843
0.083;33.346;0.19947;11.429;88.38;5.1836;-0.89766;-0.5843
0.084;33.346;0.19947;11.429;88.38;5.1836;-0.89766;-0.5843
0.085;33.346;0.19947;11.429;88.38;5.1836;-0.89766;-0.5843
0.086;33.346;0.19947;11.429;88.38;5.1836;-0.89766;-0.5843
0.087;33.346;0.19947;11.429;88.38;5.1836;-0.89766;-0.5843
0.088;33.346;0.19947;11.429;88.38;5.1836;-0.89766;-0.5843
0.089;33.346;0.19947;11.429;88.38;5.1836;-0.89766;-0.5843
0.09;33.346;0.19947;11.429;88.38;5.1836;-0.89766;-0.5843
0.091;33.346;0.19947;11.429;88.38;5.1836;-0.89766;-0.5843
0.092;33.346;0.19947;11.429;88.38;5.1836;-0.89766;-0.5843
0.093;33.346;0.19947;11.429;88.38;5.1836;-0.89766;-0.5843
0.094;33.346;0.19947;11.429;88.38;5.1836;-0.89766;-0.5843
0.095;33.346;0.19947;11.429;88.38;5.1836;-0.89766;-0.5843
0.096;33.346;0.19947;11.429;88.38;5.1836;-0.89766;-0.5843
0.097;33.346;0.19947;11.429;88.38;5.1836;-0.89766;-0.5843
0.098;33.346;0.19947;11.429;88.38;5.1836;-0.89766;-0.5843
0.099;33.346;0.19947;11.429;88.38;5.1836;-0.89766;-0.5843
0.1;33.346;0.19947;11.429;88.38;5.1836;-0.89766;-0.5843
0.101;23.856;0.24398;13.979;55.476;97.565;-0.38551;8.8245
0.102;23.662;0.22908;13.125;53.071;94.49;-0.13895;8.5625
0.103;23.473;0.21451;12.29;50.746;91.561;0.10773;8.3055
0.104;23.289;0.20027;11.474;48.498;88.758;0.35392;8.0515
0.105;23.109;0.18636;10.678;46.324;86.067;0.599;7.7985
0.106;22.931;0.1728;9.9007;44.219;83.472;0.8423;7.5449
0.107;22.755;0.15959;9.1436;42.184;80.961;1.0831;7.289
0.108;22.581;0.14673;8.4068;40.215;78.523;1.3207;7.0295
0.109;22.407;0.13423;7.691;38.312;76.147;1.5543;6.7649
0.11;22.233;0.12211;6.9966;36.475;73.824;1.7831;6.494
0.111;22.058;0.11038;6.3245;34.702;71.547;2.0061;6.2154
0.112;21.883;0.099054;5.6754;32.995;69.31;2.2224;5.9283
0.113;21.707;0.088146;5.0504;31.354;67.105;2.431;5.6315
0.114;21.528;0.077677;4.4506;29.78;64.929;2.6306;5.3241
0.115;21.348;0.067671;3.8773;28.274;62.776;2.8202;5.0054
0.116;21.166;0.058153;3.3319;26.838;60.645;2.9985;4.6747
0.117;20.982;0.049151;2.8162;25.475;58.532;3.164;4.3313
0.118;20.795;0.0407;2.3319;24.188;56.436;3.3153;3.9748
0.119;20.606;0.032833;1.8812;22.977;54.357;3.4509;3.6049
0.12;20.415;0.025591;1.4663;21.849;52.295;3.5691;3.2215
0.121;20.222;0.019017;1.0896;20.804;50.25;3.6681;2.8247
0.122;20.027;0.013158;0.75389;19.849;48.226;3.7462;2.4147
0.123;19.83;0.0080625;0.46195;18.985;46.226;3.8015;1.9921
0.124;19.633;0.0037838;0.2168;18.219;44.254;3.8323;1.5578
0.125;19.435;0.00037654;0.021574;17.553;42.315;3.8366;1.113
0.126;19.238;-0.0021036;-0.12053;16.992;40.417;3.8127;0.65936
0.127;19.042;-0.0036012;-0.20633;16.54;38.568;3.7591;0.1988
0.128;18.849;-0.004063;-0.23279;16.202;36.777;3.6745;-0.26615
0.129;18.66;-0.0034402;-0.19711;15.98;35.055;3.5578;-0.73249
0.13;18.477;-0.0016911;-0.096893;15.878;33.413;3.4088;-1.1968
0.131;18.3;0.0012155;0.069643;15.897;31.864;3.2275;-1.655
0.132;18.132;0.0052969;0.30349;16.039;30.42;3.015;-2.1029
0.133;17.975;0.010553;0.60464;16.303;29.096;2.7733;-2.5356
0.134;17.83;0.016963;0.9719;16.688;27.904;2.5053;-2.9483
0.135;17.7;0.024482;1.4027;17.19;26.856;2.2152;-3.336
0.136;17.585;0.033041;1.8931;17.805;25.963;1.9082;-3.694
0.137;17.487;0.042546;2.4377;18.526;25.234;1.5901;-4.0181
0.138;17.407;0.05288;3.0298;19.344;24.676;1.2677;-4.3044
0.139;17.347;0.063906;3.6616;20.25;24.29;0.94743;-4.5504
0.14;17.305;0.075475;4.3244;21.231;24.077;0.63553;-4.7541
0.141;17.283;0.087427;5.0092;22.277;24.034;0.33726;-4.9148
0.142;17.279;0.099606;5.707;23.374;24.155;0.056605;-5.0329
0.143;17.292;0.11186;6.4089;24.511;24.431;-0.20387;-5.1095
0.144;17.322;0.12403;7.1066;25.674;24.852;-0.44293;-5.1466
0.145;17.367;0.13601;7.7928;26.853;25.405;-0.66047;-5.1466
0.146;17.425;0.14767;8.461;28.036;26.078;-0.85717;-5.1127
0.147;17.494;0.15892;9.1057;29.213;26.857;-1.0343;-5.0481
0.148;17.574;0.16969;9.7223;30.376;27.728;-1.1932;-4.9561
0.149;17.663;0.1799;10.307;31.516;28.677;-1.3354;-4.8401
0.15;17.758;0.18951;10.858;32.627;29.691;-1.4626;-4.7034
0.151;17.86;0.1985;11.373;33.702;30.758;-1.576;-4.5493
0.152;17.965;0.20684;11.851;34.737;31.865;-1.677;-4.3807
0.153;18.074;0.21453;12.292;35.728;33.001;-1.7666;-4.2003
0.154;18.185;0.22157;12.695;36.671;34.155;-1.846;-4.0109
0.155;18.297;0.22795;13.061;37.565;35.319;-1.9158;-3.8145
0.156;18.409;0.23371;13.391;38.407;36.483;-1.9771;-3.6133
0.157;18.521;0.23885;13.685;39.196;37.639;-2.0303;-3.4091
0.158;18.632;0.24341;13.946;39.932;38.782;-2.0762;-3.2035
0.159;18.74;0.24739;14.174;40.613;39.905;-2.1153;-2.9978
0.16;18.847;0.25083;14.371;41.242;41.002;-2.1479;-2.7933
0.161;18.95;0.25375;14.539;41.817;42.07;-2.1746;-2.5909
0.162;19.051;0.25618;14.678;42.34;43.105;-2.1958;-2.3915
0.163;19.149;0.25815;14.791;42.811;44.103;-2.2116;-2.1959
0.164;19.243;0.25968;14.879;43.233;45.062;-2.2226;-2.0045
0.165;19.333;0.2608;14.943;43.605;45.981;-2.2288;-1.818
0.166;19.42;0.26153;14.985;43.93;46.857;-2.2306;-1.6367
0.167;19.502;0.2619;15.006;44.21;47.69;-2.2282;-1.4609
0.168;19.581;0.26193;15.008;44.445;48.479;-2.2218;-1.2909
0.169;19.656;0.26164;14.991;44.637;49.223;-2.2116;-1.1269
0.17;19.728;0.26106;14.958;44.788;49.923;-2.1978;-0.96888
0.171;19.795;0.2602;14.909;44.901;50.579;-2.1805;-0.81708
0.172;19.858;0.25909;14.845;44.976;51.19;-2.1599;-0.67152
0.173;19.918;0.25774;14.767;45.016;51.758;-2.1362;-0.53224
0.174;19.974;0.25617;14.677;45.021;52.283;-2.1095;-0.39924
0.175;20.026;0.25439;14.576;44.995;52.765;-2.08;-0.27251
0.176;20.074;0.25243;14.463;44.938;53.207;-2.0478;-0.15202
0.177;20.119;0.2503;14.341;44.852;53.607;-2.0131;-0.037723
0.178;20.161;0.24802;14.21;44.739;53.969;-1.976;0.070419
0.179;20.199;0.24559;14.071;44.6;54.292;-1.9366;0.17247
0.18;20.233;0.24303;13.924;44.438;54.578;-1.895;0.26849
0.181;20.265;0.24035;13.771;44.253;54.827;-1.8515;0.35855
0.182;20.293;0.23757;13.612;44.048;55.042;-1.8062;0.44272
0.183;20.318;0.2347;13.447;43.823;55.222;-1.7591;0.52107
0.184;20.341;0.23175;13.278;43.58;55.37;-1.7105;0.59369
0.185;20.36;0.22872;13.105;43.321;55.486;-1.6605;0.66063
0.186;20.376;0.22564;12.928;43.047;55.571;-1.6092;0.72198
0.187;20.39;0.22251;12.749;42.759;55.627;-1.5567;0.77782
0.188;20.401;0.21934;12.567;42.459;55.655;-1.5033;0.82822
0.189;20.41;0.21613;12.384;42.148;55.655;-1.4491;0.87326
0.19;20.416;0.21291;12.199;41.828;55.629;-1.3941;0.91302
0.191;20.419;0.20967;12.013;41.498;55.579;-1.3386;0.94758
0.192;20.42;0.20643;11.828;41.162;55.504;-1.2828;0.97701
0.193;20.419;0.2032;11.642;40.819;55.406;-1.2267;1.0014
0.194;20.416;0.19997;11.458;40.472;55.286;-1.1705;1.0208
0.195;20.41;0.19677;11.274;40.121;55.146;-1.1144;1.0354
0.196;20.403;0.19359;11.092;39.767;54.986;-1.0585;1.0452
0.197;20.393;0.19045;10.912;39.412;54.807;-1.003;1.0503
0.198;20.382;0.18736;10.735;39.057;54.61;-0.94806;1.0508
0.199;20.369;0.18431;10.56;38.702;54.397;-0.89382;1.0468
0.2;20.354;0.18132;10.389;38.349;54.168;-0.84043;1.0384
0.201;20.337;0.17839;10.221;37.998;53.924;-0.78804;1.0257
0.202;20.319;0.17553;10.057;37.651;53.667;-0.73681;1.0089
0.203;20.3;0.17275;9.8977;37.309;53.397;-0.6869;0.98803
0.204;20.279;0.17005;9.743;36.972;53.116;-0.63843;0.9633
0.205;20.256;0.16744;9.5933;36.642;52.825;-0.59156;0.9348
0.206;20.233;0.16492;9.449;36.319;52.524;-0.54642;0.9027
0.207;20.208;0.1625;9.3103;36.004;52.215;-0.50315;0.86713
0.208;20.182;0.16018;9.1776;35.698;51.899;-0.46187;0.82828
0.209;20.156;0.15797;9.051;35.401;51.577;-0.42271;0.78631
0.21;20.128;0.15588;8.931;35.115;51.25;-0.38578;0.7414
0.211;20.1;0.1539;8.8177;34.84;50.919;-0.35119;0.69374
0.212;20.071;0.15204;8.7114;34.577;50.586;-0.31903;0.64354
0.213;20.042;0.15031;8.6121;34.326;50.251;-0.28939;0.59101
0.214;20.012;0.14871;8.5203;34.088;49.915;-0.26236;0.53635
0.215;19.982;0.14723;8.4359;33.863;49.58;-0.238;0.47981
0.216;19.952;0.14589;8.3591;33.652;49.247;-0.21636;0.4216
0.217;19.922;0.14469;8.2901;33.455;48.917;-0.19748;0.36198
0.218;19.891;0.14362;8.2288;33.273;48.591;-0.18141;0.30119
0.219;19.861;0.14269;8.1755;33.106;48.27;-0.16815;0.23948
0.22;19.832;0.1419;8.13;32.954;47.955;-0.1577;0.17711
0.221;19.802;0.14124;8.0924;32.818;47.647;-0.15006;0.11434
0.222;19.773;0.14072;8.0627;32.697;47.347;-0.1452;0.051433
0.223;19.745;0.14034;8.0407;32.591;47.057;-0.14309;-0.011352
0.224;19.717;0.14009;8.0264;32.501;46.777;-0.14365;-0.073752
0.225;19.69;0.13997;8.0197;32.427;46.507;-0.14684;-0.13551
0.226;19.664;0.13998;8.0204;32.368;46.25;-0.15256;-0.19636
0.227;19.639;0.14012;8.0282;32.324;46.005;-0.16072;-0.25607
0.228;19.615;0.14038;8.0431;32.295;45.774;-0.17121;-0.31439
0.229;19.592;0.14075;8.0646;32.28;45.557;-0.18392;-0.37109
0.23;19.571;0.14124;8.0926;32.28;45.354;-0.19872;-0.42594
0.231;19.551;0.14184;8.1267;32.294;45.167;-0.21546;-0.47874
0.232;19.532;0.14253;8.1666;32.321;44.995;-0.234;-0.5293
0.233;19.514;0.14332;8.2119;32.361;44.84;-0.25418;-0.57743
0.234;19.498;0.1442;8.2623;32.413;44.7;-0.27585;-0.62297
0.235;19.484;0.14516;8.3173;32.476;44.577;-0.29884;-0.66578
0.236;19.471;0.1462;8.3766;32.551;44.47;-0.32299;-0.70573
0.237;19.459;0.1473;8.4396;32.636;44.38;-0.34813;-0.7427
0.238;19.449;0.14846;8.5061;32.73;44.306;-0.3741;-0.77662
0.239;19.441;0.14967;8.5755;32.833;44.249;-0.40072;-0.80741
0.24;19.434;0.15093;8.6474;32.944;44.208;-0.42783;-0.83503
0.241;19.429;0.15222;8.7214;33.061;44.182;-0.45529;-0.85945
0.242;19.425;0.15354;8.797;33.186;44.172;-0.48292;-0.88065
0.243;19.423;0.15488;8.8738;33.315;44.177;-0.51058;-0.89865
0.244;19.422;0.15623;8.9514;33.45;44.196;-0.53815;-0.91348
0.245;19.422;0.15759;9.0293;33.588;44.229;-0.56547;-0.92518
0.246;19.424;0.15895;9.1072;33.73;44.275;-0.59242;-0.93381
0.247;19.427;0.1603;9.1846;33.873;44.334;-0.6189;-0.93945
0.248;19.431;0.16164;9.2613;34.019;44.404;-0.64479;-0.94219
0.249;19.437;0.16296;9.3368;34.165;44.485;-0.66998;-0.94213
0.25;19.443;0.16425;9.4108;34.311;44.577;-0.6944;-0.93939
0.251;19.451;0.16551;9.4831;34.456;44.677;-0.71796;-0.93409
0.252;19.459;0.16674;9.5533;34.6;44.787;-0.74059;-0.92636
0.253;19.469;0.16792;9.6213;34.743;44.904;-0.76223;-0.91635
0.254;19.479;0.16906;9.6867;34.883;45.027;-0.78282;-0.90419
0.255;19.489;0.17016;9.7493;35.02;45.157;-0.80232;-0.89004
0.256;19.501;0.1712;9.8091;35.153;45.292;-0.82069;-0.87405
0.257;19.513;0.17219;9.8657;35.282;45.431;-0.83789;-0.85637
0.258;19.525;0.17312;9.9192;35.407;45.573;-0.85391;-0.83717
0.259;19.538;0.174;9.9693;35.527;45.719;-0.86873;-0.81659
0.26;19.551;0.17481;10.016;35.642;45.866;-0.88234;-0.79479
0.261;19.564;0.17556;10.059;35.751;46.014;-0.89473;-0.77192
0.262;19.577;0.17626;10.099;35.855;46.163;-0.90591;-0.74814
0.263;19.591;0.17689;10.135;35.953;46.311;-0.91588;-0.72359
0.264;19.605;0.17745;10.167;36.044;46.459;-0.92465;-0.69841
0.265;19.618;0.17796;10.196;36.13;46.605;-0.93224;-0.67274
0.266;19.632;0.1784;10.221;36.208;46.749;-0.93867;-0.64672
0.267;19.645;0.17878;10.243;36.28;46.891;-0.94396;-0.62046
0.268;19.658;0.1791;10.262;36.346;47.029;-0.94813;-0.59411
0.269;19.671;0.17936;10.276;36.405;47.164;-0.95123;-0.56776
0.27;19.684;0.17956;10.288;36.457;47.294;-0.95327;-0.54154
0.271;19.696;0.1797;10.296;36.503;47.421;-0.95429;-0.51555
0.272;19.708;0.17979;10.301;36.543;47.542;-0.95434;-0.48989
0.273;19.719;0.17983;10.304;36.576;47.658;-0.95344;-0.46464
0.274;19.73;0.17982;10.303;36.602;47.769;-0.95164;-0.4399
0.275;19.741;0.17975;10.299;36.623;47.875;-0.94898;-0.41575
0.276;19.751;0.17964;10.293;36.637;47.974;-0.9455;-0.39225
0.277;19.761;0.17948;10.284;36.646;48.068;-0.94125;-0.36949
0.278;19.77;0.17929;10.272;36.649;48.155;-0.93627;-0.34752
0.279;19.779;0.17905;10.259;36.646;48.236;-0.93061;-0.32639
0.28;19.787;0.17877;10.243;36.638;48.311;-0.92432;-0.30616
0.281;19.794;0.17846;10.225;36.625;48.38;-0.91743;-0.28687
0.282;19.801;0.17812;10.205;36.608;48.442;-0.91001;-0.26857
0.283;19.807;0.17774;10.184;36.586;48.497;-0.90209;-0.25128
0.284;19.813;0.17734;10.161;36.559;48.547;-0.89372;-0.23504
0.285;19.818;0.17692;10.137;36.529;48.589;-0.88496;-0.21987
0.286;19.823;0.17647;10.111;36.495;48.626;-0.87584;-0.20579
0.287;19.827;0.176;10.084;36.457;48.657;-0.86642;-0.19281
0.288;19.83;0.17552;10.056;36.416;48.681;-0.85673;-0.18094
0.289;19.833;0.17502;10.028;36.372;48.699;-0.84683;-0.17019
0.29;19.836;0.17451;9.9984;36.326;48.712;-0.83677;-0.16057
0.291;19.838;0.17398;9.9685;36.277;48.719;-0.82657;-0.15206
0.292;19.839;0.17346;9.9383;36.226;48.721;-0.8163;-0.14466
0.293;19.84;0.17292;9.9077;36.174;48.717;-0.80599;-0.13836
0.294;19.84;0.17239;9.877;36.12;48.709;-0.79567;-0.13315
0.295;19.84;0.17185;9.8462;36.064;48.695;-0.7854;-0.12901
0.296;19.839;0.17131;9.8155;36.008;48.677;-0.77521;-0.12592
0.297;19.838;0.17078;9.785;35.95;48.655;-0.76514;-0.12385
0.298;19.837;0.17025;9.7549;35.893;48.628;-0.75522;-0.12278
0.299;19.835;0.16974;9.7251;35.835;48.598;-0.74548;-0.12268
0.3;19.833;0.16931;9.701;35.787;48.57;-0.73765;-0.12338
0.301;29.055;0.13338;7.6421;49.748;-43.312;3.7569;-9.5562
0.302;29.001;0.14374;8.2356;53.262;-43.551;3.3397;-9.7943
0.303;28.953;0.15935;9.1299;58.621;-43.545;2.6998;-10.076
0.304;28.949;0.175;10.027;64.111;-43.041;2.0427;-10.253
0.305;28.989;0.19044;10.911;69.661;-42.059;1.3808;-10.327
0.306;29.07;0.20542;11.77;75.202;-40.63;0.72556;-10.303
0.307;29.189;0.21974;12.59;80.668;-38.791;0.087082;-10.187
0.308;29.342;0.23322;13.363;86.001;-36.589;-0.52646;-9.9884
0.309;29.525;0.24574;14.08;91.15;-34.074;-1.1087;-9.717
0.31;29.711;0.25638;14.689;95.699;-31.552;-1.3391;-8.0004
0.311;29.905;0.26557;15.216;99.798;-28.992;-1.8933;-8.2792
0.312;30.13;0.27444;15.724;103.96;-26.071;-2.4608;-8.466
0.313;30.38;0.28265;16.194;108.04;-22.863;-3.0216;-8.2428
0.314;30.646;0.28978;16.603;111.86;-19.492;-3.5516;-7.7575
0.315;30.922;0.29572;16.944;115.33;-16.033;-4.0406;-7.2456
0.316;31.205;0.30051;17.218;118.44;-12.523;-4.4877;-6.7142
0.317;31.492;0.30419;17.429;121.19;-8.9943;-4.8927;-6.1696
0.318;31.779;0.30682;17.58;123.59;-5.4763;-5.256;-5.6172
0.319;32.066;0.30849;17.675;125.63;-1.9931;-5.5785;-5.0612
0.32;32.35;0.30924;17.718;127.32;1.4348;-5.8612;-4.5054
0.321;32.629;0.30914;17.713;128.68;4.7899;-6.1055;-3.9527
0.322;32.903;0.30827;17.663;129.71;8.058;-6.3128;-3.4056
0.323;33.17;0.30668;17.571;130.42;11.227;-6.4845;-2.866
0.324;33.429;0.30443;17.442;130.82;14.288;-6.6221;-2.3354
0.325;33.681;0.30157;17.279;130.94;17.232;-6.727;-1.8153
0.326;33.923;0.29816;17.083;130.77;20.053;-6.8005;-1.3065
0.327;34.096;0.29478;16.889;130.25;22.003;-6.8435;-0.92935
0.328;34.077;0.29266;16.768;129.3;21.559;-6.862;-0.92871
0.329;34.058;0.29057;16.648;128.36;21.123;-6.8785;-0.92869
0.33;34.04;0.28848;16.529;127.43;20.694;-6.8931;-0.92924
0.331;34.022;0.28642;16.411;126.51;20.274;-6.9059;-0.9303
0.332;34.005;0.28437;16.293;125.59;19.861;-6.9169;-0.93184
0.333;33.987;0.28234;16.177;124.69;19.456;-6.9262;-0.9338
0.334;33.97;0.28034;16.062;123.8;19.059;-6.9339;-0.93615
0.335;33.954;0.27835;15.948;122.91;18.671;-6.9401;-0.93885
0.336;33.938;0.27639;15.836;122.04;18.291;-6.9449;-0.94187
0.337;33.922;0.27445;15.725;121.18;17.919;-6.9482;-0.94518
0.338;33.906;0.27253;15.615;120.33;17.555;-6.9502;-0.94875
0.339;33.891;0.27064;15.506;119.49;17.199;-6.951;-0.95256
0.34;33.876;0.26877;15.399;118.67;16.851;-6.9505;-0.95657
0.341;33.861;0.26692;15.294;117.86;16.511;-6.9489;-0.96078
0.342;33.847;0.2651;15.189;117.05;16.179;-6.9461;-0.96515
0.343;33.833;0.26331;15.087;116.26;15.855;-6.9423;-0.96967
0.344;33.82;0.26154;14.985;115.49;15.539;-6.9375;-0.97432
0.345;33.806;0.2598;14.886;114.72;15.23;-6.9317;-0.97909
0.346;33.793;0.25809;14.787;113.97;14.929;-6.925;-0.98396
0.347;33.781;0.2564;14.691;113.23;14.635;-6.9174;-0.98892
0.348;33.768;0.25474;14.596;112.5;14.349;-6.909;-0.99396
0.349;33.756;0.25311;14.502;111.79;14.07;-6.8997;-0.99905
0.35;33.744;0.2515;14.41;111.09;13.798;-6.8898;-1.0042
0.351;33.733;0.24992;14.319;110.4;13.532;-6.879;-1.0094
0.352;33.722;0.24837;14.23;109.72;13.274;-6.8676;-1.0146
0.353;33.711;0.24684;14.143;109.05;13.022;-6.8556;-1.0199
0.354;33.7;0.24534;14.057;108.4;12.777;-6.8429;-1.0252
0.355;33.69;0.24387;13.973;107.76;12.539;-6.8296;-1.0305
0.356;33.68;0.24242;13.89;107.13;12.306;-6.8157;-1.0358
0.357;33.67;0.241;13.808;106.52;12.08;-6.8013;-1.0411
0.358;33.66;0.23961;13.728;105.91;11.86;-6.7864;-1.0464
0.359;33.651;0.23824;13.65;105.32;11.645;-6.771;-1.0517
0.36;33.642;0.2369;13.573;104.74;11.437;-6.7552;-1.057
0.361;33.633;0.23558;13.498;104.17;11.234;-6.7389;-1.0623
0.362;33.624;0.23429;13.424;103.61;11.036;-6.7222;-1.0675
0.363;33.616;0.23303;13.352;103.06;10.844;-6.7051;-1.0727
0.364;33.608;0.23179;13.281;102.53;10.658;-6.6877;-1.0779
0.365;33.6;0.23058;13.211;102.01;10.476;-6.6699;-1.0831
0.366;33.592;0.22939;13.143;101.49;10.299;-6.6518;-1.0883
0.367;33.584;0.22822;13.076;100.99;10.128;-6.6334;-1.0934
0.368;33.577;0.22708;13.011;100.5;9.9607;-6.6147;-1.0984
0.369;33.57;0.22597;12.947;100.02;9.7986;-6.5957;-1.1035
0.37;33.563;0.22488;12.884;99.55;9.6409;-6.5765;-1.1085
0.371;33.556;0.22381;12.823;99.091;9.4877;-6.557;-1.1134
0.372;33.55;0.22276;12.763;98.642;9.3388;-6.5374;-1.1183
0.373;33.543;0.22174;12.705;98.203;9.1941;-6.5175;-1.1232
0.374;33.537;0.22074;12.648;97.774;9.0536;-6.4975;-1.128
0.375;33.531;0.21976;12.592;97.355;8.9172;-6.4773;-1.1328
0.376;33.525;0.21881;12.537;96.945;8.7846;-6.4569;-1.1375
0.377;33.52;0.21788;12.483;96.546;8.6559;-6.4364;-1.1422
0.378;33.514;0.21697;12.431;96.155;8.5309;-6.4158;-1.1468
0.379;33.509;0.21608;12.38;95.774;8.4096;-6.3951;-1.1514
0.38;33.504;0.21521;12.33;95.403;8.2918;-6.3742;-1.156
0.381;33.499;0.21436;12.282;95.04;8.1774;-6.3533;-1.1604
0.382;33.494;0.21353;12.234;94.686;8.0664;-6.3323;-1.1649
0.383;33.489;0.21272;12.188;94.341;7.9588;-6.3113;-1.1692
0.384;33.484;0.21194;12.143;94.004;7.8543;-6.2902;-1.1736
0.385;33.48;0.21117;12.099;93.676;7.753;-6.269;-1.1778
0.386;33.475;0.21042;12.056;93.357;7.6546;-6.2479;-1.182
0.387;33.471;0.20969;12.014;93.045;7.5593;-6.2267;-1.1862
0.388;33.467;0.20898;11.973;92.742;7.4668;-6.2055;-1.1903
0.389;33.463;0.20828;11.934;92.446;7.3771;-6.1842;-1.1943
0.39;33.459;0.20761;11.895;92.159;7.2903;-6.163;-1.1983
0.391;33.456;0.20695;11.857;91.879;7.206;-6.1419;-1.2022
0.392;33.452;0.20631;11.821;91.606;7.1244;-6.1207;-1.2061
0.393;33.448;0.20569;11.785;91.341;7.0453;-6.0996;-1.2099
0.394;33.445;0.20508;11.75;91.084;6.9687;-6.0785;-1.2137
0.395;33.442;0.20449;11.717;90.833;6.8945;-6.0575;-1.2174
0.396;33.438;0.20392;11.684;90.589;6.8226;-6.0365;-1.221
0.397;33.435;0.20337;11.652;90.353;6.7531;-6.0156;-1.2246
0.398;33.432;0.20283;11.621;90.123;6.6857;-5.9947;-1.2281
0.399;33.43;0.2023;11.591;89.9;6.6206;-5.9739;-1.2315
0.4;33.427;0.20179;11.562;89.683;6.5575;-5.9532;-1.2349
0.401;33.424;0.20129;11.533;89.473;6.4965;-5.9326;-1.2383
0.402;33.421;0.20081;11.506;89.269;6.4375;-5.9121;-1.2416
0.403;33.419;0.20035;11.479;89.071;6.3805;-5.8917;-1.2448
0.404;33.416;0.1999;11.453;88.879;6.3254;-5.8714;-1.2479
0.405;33.414;0.19946;11.428;88.693;6.2721;-5.8512;-1.251
0.406;33.412;0.19903;11.404;88.513;6.2206;-5.8311;-1.2541
0.407;33.41;0.19862;11.38;88.339;6.1709;-5.8111;-1.257
0.408;33.407;0.19822;11.357;88.17;6.123;-5.7912;-1.26
0.409;33.405;0.19784;11.335;88.007;6.0766;-5.7715;-1.2628
0.41;33.403;0.19747;11.314;87.849;6.032;-5.7519;-1.2656
0.411;33.401;0.19711;11.293;87.696;5.9889;-5.7324;-1.2683
0.412;33.4;0.19676;11.273;87.549;5.9473;-5.7131;-1.271
0.413;33.398;0.19642;11.254;87.406;5.9072;-5.6939;-1.2736
0.414;33.396;0.1961;11.236;87.268;5.8687;-5.6748;-1.2762
0.415;33.394;0.19578;11.218;87.136;5.8316;-5.6559;-1.2787
0.416;33.393;0.19548;11.2;87.008;5.7957;-5.6371;-1.2811
0.417;33.391;0.19519;11.184;86.884;5.7614;-5.6185;-1.2835
0.418;33.39;0.19491;11.167;86.765;5.7282;-5.6;-1.2858
0.419;33.388;0.19464;11.152;86.651;5.6964;-5.5817;-1.288
0.42;33.387;0.19438;11.137;86.54;5.6658;-5.5635;-1.2902
0.421;33.386;0.19413;11.123;86.434;5.6364;-5.5455;-1.2923
0.422;33.385;0.19389;11.109;86.332;5.6082;-5.5277;-1.2944
0.423;33.383;0.19365;11.096;86.234;5.5812;-5.51;-1.2964
0.424;33.382;0.19343;11.083;86.14;5.5552;-5.4924;-1.2983
0.425;33.381;0.19322;11.071;86.05;5.5303;-5.4751;-1.3002
0.426;33.38;0.19301;11.059;85.964;5.5066;-5.4579;-1.302
0.427;33.379;0.19282;11.048;85.881;5.4838;-5.4408;-1.3038
0.428;33.378;0.19263;11.037;85.802;5.462;-5.4239;-1.3055
0.429;33.377;0.19245;11.027;85.726;5.4412;-5.4072;-1.3071
0.43;33.376;0.19228;11.017;85.654;5.4213;-5.3907;-1.3087
0.431;33.376;0.19212;11.007;85.585;5.4024;-5.3743;-1.3103
0.432;33.375;0.19196;10.999;85.519;5.3843;-5.3581;-1.3117
0.433;33.374;0.19181;10.99;85.456;5.3671;-5.342;-1.3131
0.434;33.373;0.19167;10.982;85.396;5.3508;-5.3262;-1.3145
0.435;33.373;0.19154;10.974;85.34;5.3353;-5.3104;-1.3158
0.436;33.372;0.19141;10.967;85.286;5.3205;-5.2949;-1.317
0.437;33.371;0.19129;10.96;85.235;5.3066;-5.2795;-1.3182
0.438;33.371;0.19117;10.953;85.187;5.2934;-5.2643;-1.3193
0.439;33.37;0.19107;10.947;85.141;5.2808;-5.2492;-1.3204
0.44;33.37;0.19096;10.941;85.098;5.2691;-5.2343;-1.3214
0.441;33.369;0.19087;10.936;85.057;5.258;-5.2196;-1.3224
0.442;33.369;0.19078;10.931;85.019;5.2475;-5.205;-1.3233
0.443;33.368;0.19069;10.926;84.983;5.2376;-5.1906;-1.3242
0.444;33.368;0.19061;10.921;84.95;5.2285;-5.1764;-1.325
0.445;33.368;0.19054;10.917;84.919;5.2199;-5.1623;-1.3257
0.446;33.367;0.19047;10.913;84.89;5.2119;-5.1483;-1.3264
0.447;33.367;0.19041;10.909;84.863;5.2044;-5.1345;-1.327
0.448;33.367;0.19035;10.906;84.838;5.1976;-5.1209;-1.3276
0.449;33.366;0.19029;10.903;84.815;5.1912;-5.1075;-1.3282
0.45;33.366;0.19024;10.9;84.794;5.1853;-5.0941;-1.3287
0.451;33.366;0.1902;10.897;84.774;5.1799;-5.081;-1.3291
0.452;33.366;0.19016;10.895;84.757;5.1751;-5.068;-1.3295
0.453;33.366;0.19012;10.893;84.741;5.1706;-5.0551;-1.3298
0.454;33.365;0.19008;10.891;84.727;5.1666;-5.0424;-1.3301
0.455;33.365;0.19005;10.889;84.714;5.163;-5.0298;-1.3304
0.456;33.365;0.19003;10.888;84.703;5.1599;-5.0174;-1.3306
0.457;33.365;0.19001;10.887;84.694;5.1572;-5.0051;-1.3307
0.458;33.365;0.18999;10.885;84.686;5.1548;-4.9929;-1.3308
0.459;33.365;0.18997;10.885;84.679;5.1528;-4.9809;-1.3309
0.46;33.365;0.18996;10.884;84.674;5.1512;-4.969;-1.3309
0.461;33.365;0.18995;10.883;84.67;5.1499;-4.9573;-1.3309
0.462;33.365;0.18994;10.883;84.667;5.1489;-4.9456;-1.3308
0.463;33.365;0.18994;10.883;84.665;5.1483;-4.9342;-1.3307
0.464;33.365;0.18994;10.883;84.665;5.1479;-4.9228;-1.3305
0.465;33.365;0.18994;10.883;84.665;5.1478;-4.9116;-1.3303
0.466;33.365;0.18994;10.883;84.667;5.1481;-4.9005;-1.3301
0.467;33.365;0.18995;10.883;84.67;5.1485;-4.8895;-1.3298
0.468;33.365;0.18995;10.884;84.673;5.1492;-4.8786;-1.3295
0.469;33.365;0.18996;10.884;84.677;5.1502;-4.8678;-1.3292
0.47;33.365;0.18998;10.885;84.683;5.1514;-4.8572;-1.3288
0.471;33.365;0.18999;10.886;84.689;5.1529;-4.8467;-1.3284
0.472;33.365;0.19001;10.887;84.696;5.1546;-4.8363;-1.3279
0.473;33.365;0.19003;10.888;84.704;5.1564;-4.826;-1.3274
0.474;33.366;0.19005;10.889;84.712;5.1584;-4.8158;-1.3268
0.475;33.366;0.19007;10.89;84.721;5.1607;-4.8057;-1.3263
0.476;33.366;0.19009;10.891;84.731;5.1631;-4.7958;-1.3257
0.477;33.366;0.19012;10.893;84.742;5.1657;-4.7859;-1.325
0.478;33.366;0.19014;10.894;84.753;5.1684;-4.7761;-1.3243
0.479;33.366;0.19017;10.896;84.764;5.1713;-4.7664;-1.3236
0.48;33.366;0.1902;10.898;84.776;5.1744;-4.7568;-1.3229
0.481;33.367;0.19023;10.899;84.789;5.1775;-4.7474;-1.3221
0.482;33.367;0.19026;10.901;84.802;5.1808;-4.738;-1.3213
0.483;33.367;0.19029;10.903;84.815;5.1841;-4.7286;-1.3205
0.484;33.367;0.19032;10.905;84.829;5.1876;-4.7194;-1.3196
0.485;33.367;0.19036;10.907;84.843;5.1912;-4.7103;-1.3188
0.486;33.367;0.19039;10.909;84.858;5.1949;-4.7012;-1.3179
0.487;33.368;0.19042;10.911;84.872;5.1987;-4.6923;-1.3169
0.488;33.368;0.19046;10.913;84.888;5.2025;-4.6834;-1.316
0.489;33.368;0.1905;10.915;84.903;5.2064;-4.6745;-1.315
0.49;33.368;0.19053;10.917;84.919;5.2105;-4.6658;-1.3139
0.491;33.368;0.19057;10.919;84.934;5.2145;-4.6571;-1.3129
0.492;33.369;0.19061;10.921;84.95;5.2186;-4.6485;-1.3119
0.493;33.369;0.19065;10.923;84.967;5.2227;-4.64;-1.3108
0.494;33.369;0.19069;10.925;84.983;5.2269;-4.6315;-1.3097
0.495;33.369;0.19072;10.928;84.999;5.2312;-4.6231;-1.3085
0.496;33.369;0.19076;10.93;85.016;5.2354;-4.6148;-1.3074
0.497;33.37;0.1908;10.932;85.033;5.2397;-4.6065;-1.3062
0.498;33.37;0.19084;10.934;85.049;5.244;-4.5983;-1.305
0.499;33.37;0.19088;10.937;85.066;5.2484;-4.5902;-1.3038
0.5;33.37;0.19092;10.939;85.083;5.2527;-4.5821;-1.3026
0.501;33.371;0.19096;10.941;85.1;5.2571;-4.574;-1.3013
0.502;33.371;0.191;10.944;85.117;5.2614;-4.566;-1.3001
0.503;33.371;0.19104;10.946;85.134;5.2658;-4.5581;-1.2988
0.504;33.371;0.19108;10.948;85.151;5.2701;-4.5502;-1.2975
0.505;33.371;0.19112;10.95;85.168;5.2745;-4.5423;-1.2962
0.506;33.372;0.19116;10.953;85.184;5.2789;-4.5345;-1.2949
0.507;33.372;0.1912;10.955;85.201;5.2832;-4.5268;-1.2935
0.508;33.372;0.19124;10.957;85.218;5.2875;-4.5191;-1.2922
0.509;33.372;0.19128;10.959;85.234;5.2918;-4.5114;-1.2908
0.51;33.373;0.19132;10.962;85.251;5.2961;-4.5038;-1.2894
0.511;33.373;0.19136;10.964;85.267;5.3004;-4.4962;-1.288
0.512;33.373;0.1914;10.966;85.284;5.3046;-4.4887;-1.2866
0.513;33.373;0.19143;10.968;85.3;5.3087;-4.4811;-1.2852
0.514;33.373;0.19147;10.97;85.316;5.313;-4.4737;-1.2837
0.515;33.374;0.19151;10.973;85.332;5.3171;-4.4662;-1.2823
0.516;33.374;0.19155;10.975;85.348;5.3212;-4.4588;-1.2808
0.517;33.374;0.19158;10.977;85.363;5.3252;-4.4514;-1.2794
0.518;33.374;0.19162;10.979;85.379;5.3293;-4.4441;-1.2779
0.519;33.374;0.19166;10.981;85.394;5.3332;-4.4367;-1.2764
0.52;33.375;0.19169;10.983;85.41;5.3372;-4.4294;-1.2749
0.521;33.375;0.19173;10.985;85.424;5.3411;-4.4222;-1.2734
0.522;33.375;0.19176;10.987;85.439;5.3449;-4.4149;-1.2719
0.523;33.375;0.1918;10.989;85.454;5.3487;-4.4077;-1.2704
0.524;33.375;0.19183;10.991;85.468;5.3525;-4.4005;-1.2689
0.525;33.375;0.19186;10.993;85.483;5.3562;-4.3933;-1.2673
0.526;33.376;0.1919;10.995;85.497;5.3598;-4.3861;-1.2658
0.527;33.376;0.19193;10.997;85.511;5.3634;-4.379;-1.2643
0.528;33.376;0.19196;10.999;85.524;5.367;-4.3719;-1.2627
0.529;33.376;0.19199;11;85.538;5.3704;-4.3648;-1.2612
0.53;33.376;0.19203;11.002;85.551;5.3738;-4.3577;-1.2596
0.531;33.377;0.19206;11.004;85.564;5.3772;-4.3506;-1.258
0.532;33.377;0.19209;11.006;85.577;5.3806;-4.3435;-1.2565
0.533;33.377;0.19212;11.007;85.589;5.3838;-4.3365;-1.2549
0.534;33.377;0.19215;11.009;85.602;5.387;-4.3295;-1.2533
0.535;33.377;0.19217;11.011;85.614;5.3901;-4.3224;-1.2517
0.536;33.377;0.1922;11.012;85.626;5.3933;-4.3154;-1.2501
0.537;33.378;0.19223;11.014;85.637;5.3962;-4.3084;-1.2485
0.538;33.378;0.19226;11.015;85.649;5.3992;-4.3014;-1.2469
0.539;33.378;0.19228;11.017;85.66;5.4022;-4.2944;-1.2454
0.54;33.378;0.19231;11.018;85.671;5.4049;-4.2875;-1.2438
0.541;33.378;0.19233;11.02;85.682;5.4077;-4.2805;-1.2422
0.542;33.378;0.19236;11.021;85.693;5.4105;-4.2735;-1.2405
0.543;33.378;0.19238;11.023;85.703;5.4131;-4.2666;-1.2389
0.544;33.379;0.19241;11.024;85.713;5.4158;-4.2596;-1.2373
0.545;33.379;0.19243;11.025;85.723;5.4184;-4.2527;-1.2357
0.546;33.379;0.19245;11.027;85.733;5.4208;-4.2457;-1.2341
0.547;33.379;0.19248;11.028;85.742;5.4233;-4.2388;-1.2325
0.548;33.379;0.1925;11.029;85.751;5.4257;-4.2319;-1.2309
0.549;33.379;0.19252;11.031;85.76;5.428;-4.2249;-1.2293
0.55;33.379;0.19254;11.032;85.769;5.4302;-4.218;-1.2277
0.551;33.379;0.19256;11.033;85.778;5.4324;-4.2111;-1.2261
0.552;33.379;0.19258;11.034;85.786;5.4346;-4.2041;-1.2244
0.553;33.38;0.1926;11.035;85.794;5.4366;-4.1972;-1.2228
0.554;33.38;0.19262;11.036;85.802;5.4387;-4.1903;-1.2212
0.555;33.38;0.19264;11.037;85.81;5.4407;-4.1834;-1.2196
0.556;33.38;0.19265;11.038;85.818;5.4426;-4.1764;-1.218
0.557;33.38;0.19267;11.039;85.825;5.4445;-4.1695;-1.2164
0.558;33.38;0.19269;11.04;85.832;5.4463;-4.1626;-1.2148
0.559;33.38;0.1927;11.041;85.839;5.4481;-4.1556;-1.2132
0.56;33.38;0.19272;11.042;85.846;5.4498;-4.1487;-1.2115
0.561;33.38;0.19274;11.043;85.852;5.4515;-4.1418;-1.2099
0.562;33.38;0.19275;11.044;85.859;5.453;-4.1348;-1.2083
0.563;33.381;0.19277;11.045;85.865;5.4546;-4.1279;-1.2067
0.564;33.381;0.19278;11.045;85.871;5.4561;-4.1209;-1.2051
0.565;33.381;0.19279;11.046;85.877;5.4576;-4.114;-1.2035
0.566;33.381;0.19281;11.047;85.882;5.4589;-4.107;-1.2019
0.567;33.381;0.19282;11.048;85.888;5.4603;-4.1001;-1.2003
0.568;33.381;0.19283;11.048;85.893;5.4617;-4.0931;-1.1987
0.569;33.381;0.19284;11.049;85.898;5.4629;-4.0862;-1.1971
0.57;33.381;0.19286;11.05;85.903;5.4642;-4.0792;-1.1955
0.571;33.381;0.19287;11.05;85.908;5.4653;-4.0722;-1.1939
0.572;33.381;0.19288;11.051;85.912;5.4664;-4.0652;-1.1923
0.573;33.381;0.19289;11.052;85.917;5.4676;-4.0583;-1.1907
0.574;33.381;0.1929;11.052;85.921;5.4686;-4.0513;-1.1891
0.575;33.381;0.19291;11.053;85.925;5.4696;-4.0443;-1.1875
0.576;33.381;0.19292;11.053;85.929;5.4706;-4.0373;-1.186
0.577;33.381;0.19293;11.054;85.933;5.4715;-4.0303;-1.1844
0.578;33.382;0.19293;11.054;85.936;5.4724;-4.0233;-1.1828
0.579;33.382;0.19294;11.055;85.94;5.4733;-4.0162;-1.1812
0.58;33.382;0.19295;11.055;85.943;5.4741;-4.0092;-1.1796
0.581;33.382;0.19296;11.056;85.947;5.4748;-4.0022;-1.1781
0.582;33.382;0.19297;11.056;85.95;5.4756;-3.9952;-1.1765
0.583;33.382;0.19297;11.057;85.953;5.4762;-3.9881;-1.1749
0.584;33.382;0.19298;11.057;85.955;5.4769;-3.9811;-1.1733
0.585;33.382;0.19299;11.057;85.958;5.4776;-3.974;-1.1718
0.586;33.382;0.19299;11.058;85.961;5.4782;-3.967;-1.1702
0.587;33.382;0.193;11.058;85.963;5.4787;-3.9599;-1.1686
0.588;33.382;0.193;11.058;85.966;5.4793;-3.9528;-1.1671
0.589;33.382;0.19301;11.059;85.968;5.4798;-3.9457;-1.1655
0.59;33.382;0.19301;11.059;85.97;5.4803;-3.9387;-1.164
0.591;33.382;0.19302;11.059;85.972;5.4807;-3.9316;-1.1624
0.592;33.382;0.19302;11.059;85.974;5.4811;-3.9245;-1.1609
0.593;33.382;0.19303;11.06;85.976;5.4815;-3.9174;-1.1593
0.594;33.382;0.19303;11.06;85.977;5.4819;-3.9103;-1.1578
0.595;33.382;0.19303;11.06;85.979;5.4823;-3.9032;-1.1562
0.596;33.382;0.19304;11.06;85.981;5.4825;-3.896;-1.1547
0.597;33.382;0.19304;11.06;85.982;5.4828;-3.8889;-1.1531
0.598;33.382;0.19304;11.061;85.983;5.4831;-3.8818;-1.1516
0.599;33.382;0.19305;11.061;85.984;5.4833;-3.8746;-1.1501
0.6;33.382;0.19305;11.061;85.986;5.4836;-3.8675;-1.1485
0.601;33.382;0.19305;11.061;85.987;5.4838;-3.8603;-1.147
0.602;33.382;0.19305;11.061;85.988;5.484;-3.8532;-1.1455
0.603;33.382;0.19306;11.061;85.989;5.4841;-3.846;-1.1439
0.604;33.382;0.19306;11.061;85.989;5.4842;-3.8388;-1.1424
0.605;33.382;0.19306;11.062;85.99;5.4843;-3.8317;-1.1409
0.606;33.382;0.19306;11.062;85.991;5.4844;-3.8245;-1.1394
0.607;33.382;0.19306;11.062;85.991;5.4845;-3.8173;-1.1379
0.608;33.382;0.19307;11.062;85.992;5.4846;-3.8101;-1.1363
0.609;33.382;0.19307;11.062;85.993;5.4847;-3.8029;-1.1348
0.61;33.382;0.19307;11.062;85.993;5.4847;-3.7957;-1.1333
0.611;33.382;0.19307;11.062;85.993;5.4847;-3.7885;-1.1318
0.612;33.382;0.19307;11.062;85.994;5.4847;-3.7813;-1.1303
0.613;33.382;0.19307;11.062;85.994;5.4847;-3.774;-1.1288
0.614;33.382;0.19307;11.062;85.994;5.4847;-3.7668;-1.1273
0.615;33.383;0.19307;11.062;85.994;5.4846;-3.7596;-1.1258
0.616;33.383;0.19307;11.062;85.994;5.4846;-3.7523;-1.1243
0.617;33.383;0.19307;11.062;85.995;5.4845;-3.7451;-1.1228
0.618;33.383;0.19307;11.062;85.995;5.4844;-3.7379;-1.1213
0.619;33.383;0.19307;11.062;85.995;5.4843;-3.7306;-1.1198
0.62;33.383;0.19307;11.062;85.995;5.4842;-3.7233;-1.1183
0.621;33.383;0.19307;11.062;85.994;5.4842;-3.7161;-1.1168
0.622;33.383;0.19307;11.062;85.994;5.484;-3.7088;-1.1153
0.623;33.383;0.19307;11.062;85.994;5.4839;-3.7015;-1.1138
0.624;33.383;0.19307;11.062;85.994;5.4837;-3.6943;-1.1123
0.625;33.383;0.19307;11.062;85.994;5.4836;-3.687;-1.1109
0.626;33.383;0.19307;11.062;85.993;5.4834;-3.6797;-1.1094
0.627;33.383;0.19307;11.062;85.993;5.4833;-3.6724;-1.1079
0.628;33.383;0.19307;11.062;85.993;5.4831;-3.6651;-1.1064
0.629;33.383;0.19307;11.062;85.992;5.483;-3.6578;-1.1049
0.63;33.383;0.19307;11.062;85.992;5.4827;-3.6505;-1.1035
0.631;33.383;0.19306;11.062;85.992;5.4825;-3.6432;-1.102
0.632;33.383;0.19306;11.062;85.991;5.4823;-3.6359;-1.1005
0.633;33.383;0.19306;11.062;85.991;5.4822;-3.6286;-1.099
0.634;33.383;0.19306;11.062;85.99;5.482;-3.6213;-1.0976
0.635;33.383;0.19306;11.062;85.99;5.4817;-3.614;-1.0961
0.636;33.383;0.19306;11.061;85.989;5.4815;-3.6066;-1.0946
0.637;33.383;0.19306;11.061;85.989;5.4814;-3.5993;-1.0932
0.638;33.383;0.19306;11.061;85.988;5.4811;-3.592;-1.0917
0.639;33.383;0.19305;11.061;85.988;5.4809;-3.5846;-1.0902
0.64;33.383;0.19305;11.061;85.987;5.4806;-3.5773;-1.0888
0.641;33.383;0.19305;11.061;85.987;5.4805;-3.57;-1.0873
0.642;33.383;0.19305;11.061;85.986;5.4802;-3.5626;-1.0858
0.643;33.383;0.19305;11.061;85.985;5.48;-3.5553;-1.0844
0.644;33.383;0.19305;11.061;85.985;5.4797;-3.5479;-1.0829
0.645;33.383;0.19305;11.061;85.984;5.4795;-3.5406;-1.0815
0.646;33.383;0.19305;11.061;85.984;5.4793;-3.5332;-1.08
0.647;33.383;0.19304;11.061;85.983;5.479;-3.5259;-1.0785
0.648;33.383;0.19304;11.061;85.982;5.4787;-3.5185;-1.0771
0.649;33.383;0.19304;11.06;85.982;5.4786;-3.5111;-1.0756
0.65;33.383;0.19304;11.06;85.981;5.4783;-3.5038;-1.0742
0.651;33.383;0.19304;11.06;85.98;5.478;-3.4964;-1.0727
0.652;33.383;0.19304;11.06;85.98;5.4779;-3.489;-1.0713
0.653;33.383;0.19303;11.06;85.979;5.4776;-3.4817;-1.0698
0.654;33.383;0.19303;11.06;85.978;5.4773;-3.4743;-1.0684
0.655;33.383;0.19303;11.06;85.978;5.477;-3.4669;-1.0669
0.656;33.383;0.19303;11.06;85.977;5.4769;-3.4595;-1.0655
0.657;33.383;0.19303;11.06;85.977;5.4766;-3.4522;-1.064
0.658;33.383;0.19303;11.06;85.976;5.4763;-3.4448;-1.0626
0.659;33.383;0.19303;11.06;85.975;5.4761;-3.4374;-1.0611
0.66;33.383;0.19302;11.059;85.975;5.4759;-3.43;-1.0597
0.661;33.383;0.19302;11.059;85.974;5.4756;-3.4226;-1.0582
0.662;33.383;0.19302;11.059;85.973;5.4754;-3.4152;-1.0568
0.663;33.383;0.19302;11.059;85.973;5.4752;-3.4079;-1.0553
0.664;33.383;0.19302;11.059;85.972;5.475;-3.4005;-1.0539
0.665;33.383;0.19302;11.059;85.972;5.4747;-3.3931;-1.0525
0.666;33.382;0.19302;11.059;85.971;5.4744;-3.3857;-1.051
0.667;33.382;0.19301;11.059;85.97;5.4742;-3.3783;-1.0496
0.668;33.382;0.19301;11.059;85.97;5.474;-3.3709;-1.0481
0.669;33.382;0.19301;11.059;85.969;5.4738;-3.3635;-1.0467
0.67;33.382;0.19301;11.059;85.968;5.4735;-3.3561;-1.0452
0.671;33.382;0.19301;11.059;85.968;5.4733;-3.3487;-1.0438
0.672;33.382;0.19301;11.058;85.967;5.4732;-3.3413;-1.0424
0.673;33.382;0.19301;11.058;85.967;5.4729;-3.3339;-1.0409
0.674;33.382;0.193;11.058;85.966;5.4727;-3.3265;-1.0395
0.675;33.382;0.193;11.058;85.966;5.4725;-3.3191;-1.038
0.676;33.382;0.193;11.058;85.965;5.4723;-3.3117;-1.0366
0.677;33.382;0.193;11.058;85.965;5.4721;-3.3043;-1.0352
0.678;33.382;0.193;11.058;85.964;5.4719;-3.2969;-1.0337
0.679;33.382;0.193;11.058;85.964;5.4716;-3.2895;-1.0323
0.68;33.382;0.193;11.058;85.963;5.4715;-3.2821;-1.0308
0.681;33.382;0.193;11.058;85.963;5.4713;-3.2747;-1.0294
0.682;33.382;0.19299;11.058;85.962;5.4711;-3.2673;-1.028
0.683;33.382;0.19299;11.058;85.962;5.4709;-3.2599;-1.0265
0.684;33.382;0.19299;11.058;85.961;5.4707;-3.2524;-1.0251
0.685;33.382;0.19299;11.058;85.961;5.4706;-3.245;-1.0237
0.686;33.382;0.19299;11.058;85.96;5.4704;-3.2376;-1.0222
0.687;33.382;0.19299;11.057;85.96;5.4702;-3.2302;-1.0208
0.688;33.382;0.19299;11.057;85.959;5.47;-3.2228;-1.0194
0.689;33.382;0.19299;11.057;85.959;5.4698;-3.2154;-1.0179
0.69;33.382;0.19299;11.057;85.958;5.4697;-3.208;-1.0165
0.691;33.382;0.19299;11.057;85.958;5.4695;-3.2006;-1.015
0.692;33.382;0.19298;11.057;85.958;5.4693;-3.1932;-1.0136
0.693;33.382;0.19298;11.057;85.957;5.4691;-3.1858;-1.0122
0.694;33.382;0.19298;11.057;85.957;5.469;-3.1784;-1.0107
0.695;33.382;0.19298;11.057;85.956;5.4688;-3.171;-1.0093
0.696;33.382;0.19298;11.057;85.956;5.4687;-3.1635;-1.0079
0.697;33.382;0.19298;11.057;85.956;5.4686;-3.1561;-1.0064
0.698;33.382;0.19298;11.057;85.955;5.4684;-3.1487;-1.005
0.699;33.382;0.19298;11.057;85.955;5.4682;-3.1413;-1.0036
0.7;33.382;0.19298;11.057;85.955;5.4681;-3.1339;-1.0021
0.701;33.382;0.19298;11.057;85.954;5.468;-3.1265;-1.0007
0.702;33.382;0.19298;11.057;85.954;5.4679;-3.1191;-0.99926
0.703;33.382;0.19298;11.057;85.954;5.4677;-3.1117;-0.99782
0.704;33.382;0.19298;11.057;85.953;5.4676;-3.1043;-0.99639
0.705;33.382;0.19297;11.057;85.953;5.4674;-3.0969;-0.99495
0.706;33.382;0.19297;11.057;85.953;5.4673;-3.0894;-0.99352
0.707;33.382;0.19297;11.057;85.953;5.4672;-3.082;-0.99208
0.708;33.382;0.19297;11.057;85.952;5.4671;-3.0746;-0.99065
0.709;33.382;0.19297;11.056;85.952;5.467;-3.0672;-0.98921
0.71;33.382;0.19297;11.056;85.952;5.4669;-3.0598;-0.98778
0.711;33.382;0.19297;11.056;85.952;5.4667;-3.0524;-0.98635
0.712;33.382;0.19297;11.056;85.951;5.4666;-3.045;-0.98491
0.713;33.382;0.19297;11.056;85.951;5.4665;-3.0376;-0.98347
0.714;33.382;0.19297;11.056;85.951;5.4664;-3.0302;-0.98204
0.715;33.382;0.19297;11.056;85.951;5.4663;-3.0228;-0.9806
0.716;33.382;0.19297;11.056;85.951;5.4662;-3.0154;-0.97917
0.717;33.382;0.19297;11.056;85.95;5.4661;-3.008;-0.97774
0.718;33.382;0.19297;11.056;85.95;5.466;-3.0006;-0.9763
0.719;33.382;0.19297;11.056;85.95;5.4659;-2.9932;-0.97486
0.72;33.382;0.19297;11.056;85.95;5.4658;-2.9858;-0.97343
0.721;33.382;0.19297;11.056;85.95;5.4657;-2.9783;-0.97199
0.722;33.382;0.19297;11.056;85.95;5.4656;-2.9709;-0.97056
0.723;33.382;0.19297;11.056;85.949;5.4656;-2.9635;-0.96912
0.724;33.382;0.19297;11.056;85.949;5.4655;-2.9561;-0.96769
0.725;33.382;0.19297;11.056;85.949;5.4654;-2.9487;-0.96625
0.726;33.382;0.19297;11.056;85.949;5.4653;-2.9413;-0.96482
0.727;33.382;0.19297;11.056;85.949;5.4653;-2.9339;-0.96338
0.728;33.382;0.19296;11.056;85.949;5.4652;-2.9265;-0.96195
0.729;33.382;0.19296;11.056;85.949;5.4651;-2.9191;-0.96051
0.73;33.382;0.19296;11.056;85.949;5.4651;-2.9117;-0.95907
0.731;33.383;0.19296;11.056;85.949;5.465;-2.9043;-0.95764
0.732;33.383;0.19296;11.056;85.948;5.4649;-2.8969;-0.9562
0.733;33.383;0.19296;11.056;85.948;5.4648;-2.8895;-0.95476
0.734;33.383;0.19296;11.056;85.948;5.4648;-2.8821;-0.95333
0.735;33.383;0.19296;11.056;85.948;5.4647;-2.8747;-0.95189
0.736;33.383;0.19296;11.056;85.948;5.4646;-2.8673;-0.95046
0.737;33.383;0.19296;11.056;85.948;5.4646;-2.8599;-0.94902
0.738;33.383;0.19296;11.056;85.948;5.4645;-2.8525;-0.94758
0.739;33.383;0.19296;11.056;85.948;5.4645;-2.8451;-0.94615
0.74;33.383;0.19296;11.056;85.948;5.4644;-2.8377;-0.94471
0.741;33.383;0.19296;11.056;85.948;5.4643;-2.8303;-0.94327
0.742;33.383;0.19296;11.056;85.948;5.4643;-2.8229;-0.94183
0.743;33.383;0.19296;11.056;85.948;5.4643;-2.8156;-0.9404
0.744;33.383;0.19296;11.056;85.948;5.4643;-2.8082;-0.93896
0.745;33.383;0.19296;11.056;85.948;5.4642;-2.8008;-0.93752
0.746;33.383;0.19296;11.056;85.948;5.4642;-2.7934;-0.93609
0.747;33.383;0.19296;11.056;85.948;5.4641;-2.786;-0.93465
0.748;33.383;0.19296;11.056;85.948;5.4641;-2.7786;-0.93321
0.749;33.383;0.19296;11.056;85.948;5.464;-2.7712;-0.93177
0.75;33.383;0.19296;11.056;85.948;5.464;-2.7638;-0.93034
0.751;33.383;0.19296;11.056;85.948;5.464;-2.7564;-0.9289
0.752;33.383;0.19296;11.056;85.948;5.4639;-2.749;-0.92746
0.753;33.383;0.19296;11.056;85.948;5.4639;-2.7416;-0.92602
0.754;33.383;0.19296;11.056;85.948;5.4638;-2.7342;-0.92458
0.755;33.383;0.19296;11.056;85.948;5.4638;-2.7268;-0.92314
0.756;33.383;0.19296;11.056;85.948;5.4638;-2.7194;-0.92171
0.757;33.383;0.19296;11.056;85.948;5.4637;-2.7121;-0.92027
0.758;33.383;0.19296;11.056;85.948;5.4637;-2.7047;-0.91883
0.759;33.383;0.19296;11.056;85.948;5.4637;-2.6973;-0.91739
0.76;33.383;0.19296;11.056;85.948;5.4636;-2.6899;-0.91595
0.761;33.383;0.19296;11.056;85.948;5.4636;-2.6825;-0.91451
0.762;33.383;0.19296;11.056;85.948;5.4636;-2.6751;-0.91307
0.763;33.383;0.19296;11.056;85.948;5.4635;-2.6677;-0.91164
0.764;33.383;0.19296;11.056;85.948;5.4635;-2.6603;-0.9102
0.765;33.383;0.19296;11.056;85.948;5.4635;-2.653;-0.90876
0.766;33.383;0.19296;11.056;85.948;5.4634;-2.6456;-0.90732
0.767;33.383;0.19297;11.056;85.948;5.4634;-2.6382;-0.90588
0.768;33.383;0.19297;11.056;85.948;5.4634;-2.6308;-0.90444
0.769;33.383;0.19297;11.056;85.948;5.4634;-2.6234;-0.903
0.77;33.383;0.19297;11.056;85.948;5.4634;-2.616;-0.90156
0.771;33.383;0.19297;11.056;85.949;5.4634;-2.6086;-0.90012
0.772;33.383;0.19297;11.056;85.949;5.4634;-2.6013;-0.89868
0.773;33.383;0.19297;11.056;85.949;5.4634;-2.5939;-0.89724
0.774;33.383;0.19297;11.056;85.949;5.4634;-2.5865;-0.8958
0.775;33.383;0.19297;11.056;85.949;5.4633;-2.5791;-0.89436
0.776;33.383;0.19297;11.056;85.949;5.4633;-2.5717;-0.89292
0.777;33.383;0.19297;11.056;85.949;5.4633;-2.5643;-0.89148
0.778;33.383;0.19297;11.056;85.949;5.4633;-2.557;-0.89004
0.779;33.383;0.19297;11.056;85.949;5.4633;-2.5496;-0.8886
0.78;33.383;0.19297;11.056;85.949;5.4632;-2.5422;-0.88716
0.781;33.383;0.19297;11.056;85.949;5.4632;-2.5348;-0.88572
0.782;33.383;0.19297;11.056;85.949;5.4632;-2.5274;-0.88428
0.783;33.383;0.19297;11.056;85.949;5.4632;-2.52;-0.88284
0.784;33.383;0.19297;11.056;85.949;5.4632;-2.5127;-0.8814
0.785;33.383;0.19297;11.056;85.949;5.4631;-2.5053;-0.87996
0.786;33.383;0.19297;11.056;85.949;5.4631;-2.4979;-0.87852
0.787;33.383;0.19297;11.056;85.95;5.4631;-2.4905;-0.87708
0.788;33.383;0.19297;11.056;85.95;5.4631;-2.4831;-0.87564
0.789;33.383;0.19297;11.056;85.95;5.4631;-2.4758;-0.8742
0.79;33.383;0.19297;11.056;85.95;5.4631;-2.4684;-0.87276
0.791;33.383;0.19297;11.056;85.95;5.4631;-2.461;-0.87132
0.792;33.383;0.19297;11.056;85.95;5.463;-2.4536;-0.86988
0.793;33.383;0.19297;11.056;85.95;5.463;-2.4462;-0.86844
0.794;33.383;0.19297;11.056;85.95;5.463;-2.4389;-0.867
0.795;33.383;0.19297;11.056;85.95;5.463;-2.4315;-0.86556
0.796;33.383;0.19297;11.056;85.95;5.463;-2.4241;-0.86412
0.797;33.383;0.19297;11.056;85.95;5.463;-2.4167;-0.86268
0.798;33.383;0.19297;11.056;85.95;5.463;-2.4094;-0.86124
0.799;33.383;0.19297;11.056;85.95;5.4629;-2.402;-0.85979
0.8;33.383;0.19297;11.056;85.95;5.4629;-2.3946;-0.85835
0.801;33.383;0.19297;11.056;85.95;5.4629;-2.3872;-0.85691
0.802;33.383;0.19297;11.056;85.951;5.4629;-2.3798;-0.85547
0.803;33.383;0.19297;11.056;85.951;5.4629;-2.3725;-0.85403
0.804;33.383;0.19297;11.056;85.951;5.4629;-2.3651;-0.85259
0.805;33.383;0.19297;11.057;85.951;5.4629;-2.3577;-0.85115
0.806;33.383;0.19297;11.057;85.951;5.4628;-2.3503;-0.84971
0.807;33.383;0.19297;11.057;85.951;5.4628;-2.343;-0.84827
0.808;33.383;0.19297;11.057;85.951;5.4628;-2.3356;-0.84683
0.809;33.383;0.19297;11.057;85.951;5.4628;-2.3282;-0.84539
0.81;33.383;0.19297;11.057;85.951;5.4628;-2.3208;-0.84394
0.811;33.383;0.19297;11.057;85.951;5.4628;-2.3135;-0.8425
0.812;33.383;0.19297;11.057;85.951;5.4628;-2.3061;-0.84106
0.813;33.383;0.19297;11.057;85.951;5.4628;-2.2987;-0.83962
0.814;33.383;0.19297;11.057;85.951;5.4627;-2.2913;-0.83818
0.815;33.383;0.19297;11.057;85.951;5.4627;-2.284;-0.83674
0.816;33.383;0.19297;11.057;85.951;5.4627;-2.2766;-0.8353
0.817;33.383;0.19297;11.057;85.952;5.4627;-2.2692;-0.83386
0.818;33.383;0.19297;11.057;85.952;5.4627;-2.2618;-0.83242
0.819;33.383;0.19298;11.057;85.952;5.4627;-2.2545;-0.83097
0.82;33.383;0.19298;11.057;85.952;5.4627;-2.2471;-0.82953
0.821;33.383;0.19298;11.057;85.952;5.4627;-2.2397;-0.82809
0.822;33.383;0.19298;11.057;85.952;5.4626;-2.2323;-0.82665
0.823;33.383;0.19298;11.057;85.952;5.4626;-2.225;-0.82521
0.824;33.383;0.19298;11.057;85.952;5.4626;-2.2176;-0.82377
0.825;33.383;0.19298;11.057;85.952;5.4626;-2.2102;-0.82233
0.826;33.383;0.19298;11.057;85.952;5.4626;-2.2028;-0.82088
0.827;33.383;0.19298;11.057;85.952;5.4626;-2.1955;-0.81944
0.828;33.383;0.19298;11.057;85.952;5.4626;-2.1881;-0.818
0.829;33.383;0.19298;11.057;85.952;5.4626;-2.1807;-0.81656
0.83;33.383;0.19298;11.057;85.952;5.4626;-2.1734;-0.81512
0.831;33.383;0.19298;11.057;85.952;5.4626;-2.166;-0.81368
0.832;33.383;0.19298;11.057;85.952;5.4626;-2.1586;-0.81224
0.833;33.383;0.19298;11.057;85.952;5.4626;-2.1512;-0.8108
0.834;33.383;0.19298;11.057;85.952;5.4626;-2.1439;-0.80935
0.835;33.383;0.19298;11.057;85.953;5.4626;-2.1365;-0.80791
0.836;33.383;0.19298;11.057;85.953;5.4626;-2.1291;-0.80647
0.837;33.383;0.19298;11.057;85.953;5.4625;-2.1217;-0.80503
0.838;33.383;0.19298;11.057;85.953;5.4625;-2.1144;-0.80359
0.839;33.383;0.19298;11.057;85.953;5.4625;-2.107;-0.80215
0.84;33.383;0.19298;11.057;85.953;5.4625;-2.0996;-0.80071
0.841;33.383;0.19298;11.057;85.953;5.4625;-2.0923;-0.79927
0.842;33.383;0.19298;11.057;85.953;5.4625;-2.0849;-0.79782
0.843;33.383;0.19298;11.057;85.953;5.4625;-2.0775;-0.79638
0.844;33.383;0.19298;11.057;85.953;5.4625;-2.0701;-0.79494
0.845;33.383;0.19298;11.057;85.953;5.4624;-2.0628;-0.7935
0.846;33.383;0.19298;11.057;85.953;5.4624;-2.0554;-0.79206
0.847;33.383;0.19298;11.057;85.953;5.4624;-2.048;-0.79062
0.848;33.383;0.19298;11.057;85.953;5.4624;-2.0406;-0.78918
0.849;33.383;0.19298;11.057;85.953;5.4624;-2.0333;-0.78774
0.85;33.383;0.19298;11.057;85.953;5.4624;-2.0259;-0.78629
0.851;33.383;0.19298;11.057;85.953;5.4624;-2.0185;-0.78485
0.852;33.383;0.19298;11.057;85.953;5.4623;-2.0112;-0.78341
0.853;33.383;0.19298;11.057;85.953;5.4623;-2.0038;-0.78197
0.854;33.383;0.19298;11.057;85.953;5.4623;-1.9964;-0.78053
0.855;33.383;0.19298;11.057;85.953;5.4623;-1.989;-0.77909
0.856;33.383;0.19298;11.057;85.953;5.4623;-1.9817;-0.77765
0.857;33.383;0.19298;11.057;85.953;5.4623;-1.9743;-0.77621
0.858;33.383;0.19298;11.057;85.953;5.4622;-1.9669;-0.77477
0.859;33.383;0.19298;11.057;85.954;5.4622;-1.9596;-0.77332
0.86;33.383;0.19298;11.057;85.954;5.4622;-1.9522;-0.77188
0.861;33.383;0.19298;11.057;85.954;5.4622;-1.9448;-0.77044
0.862;33.383;0.19298;11.057;85.954;5.4622;-1.9374;-0.769
0.863;33.383;0.19298;11.057;85.954;5.4622;-1.9301;-0.76756
0.864;33.383;0.19298;11.057;85.954;5.4622;-1.9227;-0.76612
0.865;33.383;0.19298;11.057;85.954;5.4621;-1.9153;-0.76468
0.866;33.383;0.19298;11.057;85.954;5.4621;-1.908;-0.76324
0.867;33.383;0.19298;11.057;85.954;5.4621;-1.9006;-0.7618
0.868;33.383;0.19298;11.057;85.954;5.4621;-1.8932;-0.76036
0.869;33.383;0.19298;11.057;85.954;5.4621;-1.8858;-0.75891
0.87;33.383;0.19298;11.057;85.954;5.4621;-1.8785;-0.75747
0.871;33.383;0.19298;11.057;85.954;5.462;-1.8711;-0.75603
0.872;33.383;0.19298;11.057;85.954;5.462;-1.8637;-0.75459
0.873;33.383;0.19298;11.057;85.954;5.462;-1.8564;-0.75315
0.874;33.383;0.19298;11.057;85.954;5.462;-1.849;-0.75171
0.875;33.383;0.19298;11.057;85.954;5.462;-1.8416;-0.75027
0.876;33.383;0.19298;11.057;85.954;5.462;-1.8342;-0.74883
0.877;33.383;0.19298;11.057;85.954;5.462;-1.8269;-0.74739
0.878;33.383;0.19298;11.057;85.954;5.4619;-1.8195;-0.74595
0.879;33.383;0.19298;11.057;85.954;5.4619;-1.8121;-0.7445
0.88;33.383;0.19298;11.057;85.954;5.4619;-1.8048;-0.74306
0.881;33.383;0.19298;11.057;85.954;5.4619;-1.7974;-0.74162
0.882;33.383;0.19298;11.057;85.954;5.4619;-1.79;-0.74018
0.883;33.383;0.19298;11.057;85.954;5.4619;-1.7826;-0.73874
0.884;33.383;0.19298;11.057;85.954;5.4618;-1.7753;-0.7373
0.885;33.383;0.19298;11.057;85.954;5.4618;-1.7679;-0.73586
0.886;33.383;0.19298;11.057;85.954;5.4618;-1.7605;-0.73442
0.887;33.383;0.19298;11.057;85.954;5.4618;-1.7532;-0.73298
0.888;33.383;0.19298;11.057;85.954;5.4618;-1.7458;-0.73154
0.889;33.383;0.19298;11.057;85.954;5.4618;-1.7384;-0.7301
0.89;33.383;0.19299;11.057;85.954;5.4617;-1.7311;-0.72866
0.891;33.383;0.19299;11.057;85.954;5.4617;-1.7237;-0.72722
0.892;33.383;0.19299;11.057;85.954;5.4617;-1.7163;-0.72577
0.893;33.383;0.19299;11.057;85.954;5.4617;-1.7089;-0.72433
0.894;33.383;0.19299;11.057;85.954;5.4617;-1.7016;-0.72289
0.895;33.383;0.19299;11.057;85.954;5.4617;-1.6942;-0.72145
0.896;33.383;0.19299;11.057;85.954;5.4617;-1.6868;-0.72001
0.897;33.383;0.19299;11.057;85.954;5.4617;-1.6795;-0.71857
0.898;33.383;0.19299;11.057;85.954;5.4617;-1.6721;-0.71713
0.899;33.383;0.19299;11.057;85.954;5.4617;-1.6647;-0.71569
0.9;33.383;0.19299;11.057;85.954;5.4617;-1.6573;-0.71425
0.901;33.383;0.19299;11.057;85.954;5.4617;-1.65;-0.71281
0.902;33.383;0.19299;11.057;85.954;5.4616;-1.6426;-0.71137
0.903;33.383;0.19299;11.057;85.954;5.4616;-1.6352;-0.70993
0.904;33.383;0.19299;11.057;85.954;5.4616;-1.6279;-0.70849
0.905;33.383;0.19299;11.057;85.954;5.4616;-1.6205;-0.70705
0.906;33.383;0.19299;11.057;85.955;5.4616;-1.6131;-0.70561
0.907;33.383;0.19299;11.057;85.955;5.4616;-1.6057;-0.70417
0.908;33.383;0.19299;11.057;85.955;5.4615;-1.5984;-0.70273
0.909;33.383;0.19299;11.057;85.955;5.4615;-1.591;-0.70129
0.91;33.383;0.19299;11.057;85.955;5.4615;-1.5836;-0.69985
0.911;33.383;0.19299;11.057;85.955;5.4615;-1.5763;-0.69841
0.912;33.383;0.19299;11.057;85.955;5.4615;-1.5689;-0.69696
0.913;33.383;0.19299;11.057;85.955;5.4615;-1.5615;-0.69552
0.914;33.383;0.19299;11.057;85.955;5.4615;-1.5542;-0.69408
0.915;33.383;0.19299;11.057;85.955;5.4614;-1.5468;-0.69264
0.916;33.383;0.19299;11.057;85.955;5.4614;-1.5394;-0.6912
0.917;33.383;0.19299;11.057;85.955;5.4614;-1.532;-0.68976
0.918;33.383;0.19299;11.057;85.955;5.4614;-1.5247;-0.68832
0.919;33.383;0.19299;11.057;85.955;5.4614;-1.5173;-0.68688
0.92;33.383;0.19299;11.057;85.955;5.4614;-1.5099;-0.68544
0.921;33.383;0.19299;11.057;85.955;5.4613;-1.5026;-0.684
0.922;33.383;0.19299;11.057;85.955;5.4613;-1.4952;-0.68256
0.923;33.383;0.19299;11.057;85.955;5.4613;-1.4878;-0.68112
0.924;33.383;0.19299;11.057;85.955;5.4613;-1.4804;-0.67968
0.925;33.383;0.19299;11.057;85.955;5.4613;-1.4731;-0.67824
0.926;33.383;0.19299;11.057;85.955;5.4613;-1.4657;-0.6768
0.927;33.383;0.19299;11.057;85.955;5.4612;-1.4583;-0.67536
0.928;33.383;0.19299;11.057;85.955;5.4612;-1.451;-0.67392
0.929;33.383;0.19299;11.057;85.955;5.4612;-1.4436;-0.67248
0.93;33.383;0.19299;11.057;85.955;5.4612;-1.4362;-0.67104
0.931;33.383;0.19299;11.057;85.955;5.4612;-1.4289;-0.6696
0.932;33.383;0.19299;11.057;85.955;5.4612;-1.4215;-0.66816
0.933;33.383;0.19299;11.057;85.955;5.4612;-1.4141;-0.66672
0.934;33.383;0.19299;11.057;85.955;5.4611;-1.4067;-0.66528
0.935;33.383;0.19299;11.057;85.955;5.4611;-1.3994;-0.66384
0.936;33.383;0.19299;11.057;85.955;5.4611;-1.392;-0.6624
0.937;33.383;0.19299;11.057;85.955;5.4611;-1.3846;-0.66096
0.938;33.383;0.19299;11.057;85.955;5.4611;-1.3773;-0.65952
0.939;33.383;0.19299;11.057;85.955;5.4611;-1.3699;-0.65808
0.94;33.383;0.19299;11.057;85.955;5.461;-1.3625;-0.65664
0.941;33.383;0.19299;11.057;85.955;5.461;-1.3552;-0.6552
0.942;33.383;0.19299;11.057;85.955;5.461;-1.3478;-0.65376
0.943;33.383;0.19299;11.057;85.955;5.461;-1.3404;-0.65231
0.944;33.383;0.19299;11.057;85.955;5.461;-1.333;-0.65087
0.945;33.383;0.19299;11.057;85.955;5.461;-1.3257;-0.64943
0.946;33.383;0.19299;11.057;85.955;5.461;-1.3183;-0.64799
0.947;33.383;0.19299;11.058;85.955;5.4609;-1.3109;-0.64655
0.948;33.383;0.19299;11.058;85.955;5.4609;-1.3036;-0.64511
0.949;33.383;0.19299;11.058;85.955;5.4609;-1.2962;-0.64368
0.95;33.383;0.19299;11.058;85.955;5.4609;-1.2888;-0.64223
0.951;33.383;0.19299;11.058;85.955;5.4609;-1.2815;-0.64079
0.952;33.383;0.19299;11.058;85.955;5.4609;-1.2741;-0.63935
0.953;33.383;0.19299;11.058;85.955;5.4609;-1.2667;-0.63791
0.954;33.383;0.19299;11.058;85.955;5.4608;-1.2593;-0.63647
0.955;33.383;0.19299;11.058;85.955;5.4608;-1.252;-0.63503
0.956;33.383;0.19299;11.058;85.955;5.4608;-1.2446;-0.63359
0.957;33.383;0.19299;11.058;85.955;5.4608;-1.2372;-0.63215
0.958;33.383;0.19299;11.058;85.955;5.4608;-1.2299;-0.63071
0.959;33.383;0.19299;11.058;85.955;5.4608;-1.2225;-0.62927
0.96;33.383;0.19299;11.058;85.955;5.4608;-1.2151;-0.62783
0.961;33.383;0.19299;11.058;85.955;5.4608;-1.2078;-0.62639
0.962;33.383;0.19299;11.058;85.955;5.4608;-1.2004;-0.62495
0.963;33.383;0.19299;11.058;85.955;5.4608;-1.193;-0.62351
0.964;33.383;0.19299;11.058;85.955;5.4608;-1.1857;-0.62207
0.965;33.383;0.19299;11.058;85.955;5.4608;-1.1783;-0.62063
0.966;33.383;0.19299;11.058;85.955;5.4608;-1.1709;-0.61919
0.967;33.383;0.19299;11.058;85.955;5.4608;-1.1635;-0.61775
0.968;33.383;0.19299;11.058;85.955;5.4607;-1.1562;-0.61631
0.969;33.383;0.19299;11.058;85.955;5.4607;-1.1488;-0.61487
0.97;33.383;0.19299;11.058;85.955;5.4607;-1.1414;-0.61343
0.971;33.383;0.19299;11.058;85.955;5.4607;-1.1341;-0.61199
0.972;33.383;0.19299;11.058;85.955;5.4607;-1.1267;-0.61055
0.973;33.383;0.19299;11.058;85.955;5.4607;-1.1193;-0.60911
0.974;33.383;0.19299;11.058;85.955;5.4607;-1.112;-0.60767
0.975;33.383;0.19299;11.058;85.955;5.4606;-1.1046;-0.60623
0.976;33.383;0.19299;11.058;85.955;5.4606;-1.0972;-0.60479
0.977;33.383;0.19299;11.058;85.955;5.4606;-1.0899;-0.60335
0.978;33.383;0.19299;11.058;85.955;5.4606;-1.0825;-0.60191
0.979;33.383;0.19299;11.058;85.955;5.4606;-1.0751;-0.60047
0.98;33.383;0.19299;11.058;85.955;5.4606;-1.0677;-0.59903
0.981;33.383;0.19299;11.058;85.955;5.4606;-1.0604;-0.59759
0.982;33.383;0.19299;11.058;85.955;5.4606;-1.053;-0.59615
0.983;33.383;0.19299;11.058;85.955;5.4605;-1.0456;-0.59471
0.984;33.383;0.19299;11.058;85.955;5.4605;-1.0383;-0.59327
0.985;33.383;0.19299;11.058;85.955;5.4605;-1.0309;-0.59183
0.986;33.383;0.19299;11.058;85.955;5.4605;-1.0235;-0.59039
0.987;33.383;0.19299;11.058;85.955;5.4605;-1.0162;-0.58895
0.988;33.383;0.19299;11.058;85.955;5.4605;-1.0088;-0.58751
0.989;33.383;0.19299;11.058;85.955;5.4605;-1.0014;-0.58607
0.99;33.383;0.19299;11.058;85.955;5.4604;-0.99405;-0.58463
0.991;33.383;0.19299;11.058;85.955;5.4604;-0.98668;-0.58319
0.992;33.383;0.19299;11.058;85.955;5.4604;-0.97931;-0.58175
0.993;33.383;0.19299;11.058;85.955;5.4604;-0.97931;-0.58175
0.994;33.383;0.19299;11.058;85.955;5.4604;-0.97931;-0.58175
0.995;33.383;0.19299;11.058;85.955;5.4604;-0.97931;-0.58175
0.996;33.383;0.19299;11.058;85.955;5.4604;-0.97931;-0.58175
0.997;33.383;0.19299;11.058;85.955;5.4604;-0.97931;-0.58175
0.998;33.383;0.19299;11.058;85.955;5.4604;-0.97931;-0.58175
0.999;33.383;0.19299;11.058;85.955;5.4604;-0.97931;-0.58175
1;33.383;0.19299;11.058;85.955;5.4604;-0.97931;-0.58175
